{
    "items": [
        {
            "name": "Apple",
            "category": "Fruits",
            "individual_price": 1.0,
            "retail_price": 0.8
        },
        {
            "name": "Banana",
            "category": "Fruits",
            "individual_price": 0.5,
            "retail_price": 0.4
        },
        {
            "name": "Laptop",
            "category": "Electronics",
            "individual_price": 1000.0,
            "retail_price": 950.0
        },
        {
            "name": "Smartphone",
            "category": "Electronics",
            "individual_price": 700.0,
            "retail_price": 650.0
        },
        {
            "name": "Shampoo",
            "category": "Personal Care",
            "individual_price": 5.0,
            "retail_price": 4.5
        },
        {
            "name": "Toothpaste",
            "category": "Personal Care",
            "individual_price": 2.0,
            "retail_price": 1.8
        },
        {
            "name": "Bread",
            "category": "Groceries",
            "individual_price": 2.5,
            "retail_price": 2.0
        },
        {
            "name": "Milk",
            "category": "Groceries",
            "individual_price": 1.5,
            "retail_price": 1.2
        },
        {
            "name": "T-shirt",
            "category": "Clothing",
            "individual_price": 15.0,
            "retail_price": 12.0
        },
        {
            "name": "Jeans",
            "category": "Clothing",
            "individual_price": 40.0,
            "retail_price": 35.0
        }
    ]
}