{
    "1": {
        "username": "mohith",
        "items": {
            "Milk": 5,
            "Laptop": 3
        },
        "order_date": "2025-03-09 16:49:13",
        "status": "Delivered",
        "agent_id": 1,
        "agent_name": "Agent 1"
    },
    "2": {
        "username": "mohith",
        "items": {
            "Bread": 10,
            "Shampoo": 7
        },
        "order_date": "2025-03-09 16:55:47",
        "status": "Delivered",
        "agent_id": 1,
        "agent_name": "Agent 1"
    },
    "3": {
        "username": "mohith",
        "items": {
            "Apple": 7
        },
        "order_date": "2025-03-09 17:28:55",
        "status": "Delivered",
        "agent_id": 1,
        "agent_name": "Agent 1",
        "total_price": 7.0
    },
    "4": {
        "username": "mohith",
        "items": {
            "Laptop": 2
        },
        "order_date": "2025-03-09 17:39:41",
        "status": "Delivered",
        "agent_id": 1,
        "agent_name": "Agent 1",
        "discount": 20,
        "total_price": 1600.0
    }
}